taxon,pollinator_group,order,family,genus,species,taxon_rank,pollinator_group_sociality
Ancistrocerus claripennis,Wasps,Hymenoptera,Vespidae,Ancistrocerus,claripennis,Species,Wasps
Ancistrocerus gazella,Wasps,Hymenoptera,Vespidae,Ancistrocerus,gazella,Species,Wasps
Andrena agilissima,Anthophila,Hymenoptera,Andrenidae,Andrena,agilissima,Species,no
Andrena bicolor,Anthophila,Hymenoptera,Andrenidae,Andrena,bicolor,Species,solitary_Bees
Andrena chrysosceles,Anthophila,Hymenoptera,Andrenidae,Andrena,chrysosceles,Species,solitary_Bees
Andrena dorsata,Anthophila,Hymenoptera,Andrenidae,Andrena,dorsata,Species,solitary_Bees
Andrena minutula,Anthophila,Hymenoptera,Andrenidae,Andrena,minutula,Species,solitary_Bees
Andrena minutuloides,Anthophila,Hymenoptera,Andrenidae,Andrena,minutuloides,Species,solitary_Bees
Andrena ovatula,Anthophila,Hymenoptera,Andrenidae,Andrena,ovatula,Species,solitary_Bees
Andrena subopaca,Anthophila,Hymenoptera,Andrenidae,Andrena,subopaca,Species,solitary_Bees
Anogcodes rufiventris,Beetles,Coleoptera,Oedemeridae,Anogcodes,rufiventris,Species,Beetles
Anoplius nigerrimus,Wasps,Hymenoptera,Pompilidae,Anoplius,nigerrimus,Species,Wasps
Anthaxia nitidula,Beetles,Coleoptera,Buprestidae,Anthaxia,nitidula,Species,Beetles
Anthidium manicatum,Anthophila,Hymenoptera,Megachilidae,Anthidium,manicatum,Species,solitary_Bees
Anthidium oblongatum,Anthophila,Hymenoptera,Megachilidae,Anthidium,oblongatum,Species,solitary_Bees
Anthidium punctatum,Anthophila,Hymenoptera,Megachilidae,Anthidium,punctatum,Species,solitary_Bees
Anthidium strigatum,Anthophila,Hymenoptera,Megachilidae,Anthidium,strigatum,Species,no
Apis mellifera,Anthophila,Hymenoptera,Apidae,Apis,mellifera,Species,Honeybees
Arachnospila spissa,Wasps,Hymenoptera,Pompilidae,Arachnospila,spissa,Species,Wasps
Bombus hortorum,Anthophila,Hymenoptera,Apidae,Bombus,hortorum,Species,social_Bees
Bombus humilis,Anthophila,Hymenoptera,Apidae,Bombus,humilis,Species,social_Bees
Bombus hypnorum,Anthophila,Hymenoptera,Apidae,Bombus,hypnorum,Species,social_Bees
Bombus lapidarius,Anthophila,Hymenoptera,Apidae,Bombus,lapidarius,Species,social_Bees
Bombus pascuorum,Anthophila,Hymenoptera,Apidae,Bombus,pascuorum,Species,social_Bees
Bombus pratorum,Anthophila,Hymenoptera,Apidae,Bombus,pratorum,Species,social_Bees
Bombus sp.,Anthophila,Hymenoptera,Apidae,Bombus,sp.,Genus,social_Bees
Bombus terrestris-complex,Anthophila,Hymenoptera,Apidae,Bombus,terrestris-complex,Species complex,social_Bees
Bombus vestalis,Anthophila,Hymenoptera,Apidae,Bombus,vestalis,Species,no
Bombus wurflenii,Anthophila,Hymenoptera,Apidae,Bombus,wurflenii,Species,social_Bees
Ceratina cyanea,Anthophila,Hymenoptera,Anthophorinae,Ceratina,cyanea,Species,solitary_Bees
Cerceris quinquefasciata,Wasps,Hymenoptera,Crabronidae,Cerceris,quinquefasciata,Species,Wasps
Cerceris rybyensis,Wasps,Hymenoptera,Crabronidae,Cerceris,rybyensis,Species,Wasps
Cheilosia sp.,Hoverflies,Diptera,Syrphidae,Cheilosia,sp.,Genus,Hoverflies
Chelostoma campanularum,Anthophila,Hymenoptera,Megachilidae,Chelostoma,campanularum,Species,solitary_Bees
Chelostoma rapunculi,Anthophila,Hymenoptera,Megachilidae,Chelostoma,rapunculi,Species,solitary_Bees
Chrysididae,Wasps,Hymenoptera,Chrysididae,,,Family,Wasps
Chrysis gracillima,Wasps,Hymenoptera,Chrysididae,Chrysis,gracillima,Species,Wasps
Chrysis viridula,Wasps,Hymenoptera,Chrysididae,Chrysis,viridula,Species,Wasps
Chrysogaster solstitialis,Hoverflies,Diptera,Syrphidae,Chrysogaster,solstitialis,Species,Hoverflies
Chrysotoxum intermedium,Hoverflies,Diptera,Syrphidae,Chrysotoxum,intermedium,Species,Hoverflies
Chrysotoxum vernale,Hoverflies,Diptera,Syrphidae,Chrysotoxum,vernale,Species,Hoverflies
Clytra laeviuscula,Beetles,Coleoptera,Chrysomelidae,Clytra,laeviuscula,Species,Beetles
Clytus arietis,Beetles,Coleoptera,Cerambycidae,Clytus,arietis,Species,Beetles
Coleoptera,Beetles,Coleoptera,,,,Order,Beetles
Colletes daviesanus,Anthophila,Hymenoptera,Colletidae,Colletes,daviesanus,Species,solitary_Bees
Colletes similis,Anthophila,Hymenoptera,Colletidae,Colletes,similis,Species,solitary_Bees
Dasytes plumbeus,Beetles,Coleoptera,Dasytidae,Dasytes,plumbeus,Species,Beetles
Diptera,Hoverflies,Diptera,,,,Order,Hoverflies
Dolichovespula saxonica,Wasps,Hymenoptera,Vespidae,Dolichovespula,saxonica,Species,Wasps
Ectemnius dives,Wasps,Hymenoptera,Crabronidae,Ectemnius,dives,Species,Wasps
Ectemnius lituratus,Wasps,Hymenoptera,Crabronidae,Ectemnius,lituratus,Species,Wasps
Ectemnius rubicola,Wasps,Hymenoptera,Crabronidae,Ectemnius,rubicola,Species,Wasps
Epistrophe melanostoma,Hoverflies,Diptera,Syrphidae,Epistrophe,melanostoma,Species,Hoverflies
Episyrphus balteatus,Hoverflies,Diptera,Syrphidae,Episyrphus,balteatus,Species,Hoverflies
Eristalis arbustorum,Hoverflies,Diptera,Syrphidae,Eristalis,arbustorum,Species,Hoverflies
Eristalis interrupta,Hoverflies,Diptera,Syrphidae,Eristalis,interrupta,Species,Hoverflies
Eristalis pertinax,Hoverflies,Diptera,Syrphidae,Eristalis,pertinax,Species,Hoverflies
Eristalis tenax,Hoverflies,Diptera,Syrphidae,Eristalis,tenax,Species,Hoverflies
Eucera nigrescens,Anthophila,Hymenoptera,Anthophorinae,Eucera,nigrescens,Species,solitary_Bees
Eupeodes corollae,Hoverflies,Diptera,Syrphidae,Eupeodes,corollae,Species,Hoverflies
Eupeodes latilunulatus,Hoverflies,Diptera,Syrphidae,Eupeodes,latilunulatus,Species,Hoverflies
Eupeodes luniger,Hoverflies,Diptera,Syrphidae,Eupeodes,luniger,Species,Hoverflies
Gorytes quinquecinctus,Wasps,Hymenoptera,Crabronidae,Gorytes,quinquecinctus,Species,Wasps
Halictus simplex-complex,Anthophila,Hymenoptera,Halictidae,Halictus,simplex-complex,Species complex,social_Bees
Halictus tumulorum,Anthophila,Hymenoptera,Halictidae,Halictus,tumulorum,Species,no
Hedychrum gerstaeckeri,Wasps,Hymenoptera,Chrysididae,Hedychrum,gerstaeckeri,Species,Wasps
Helophilus pendulus,Hoverflies,Diptera,Syrphidae,Helophilus,pendulus,Species,Hoverflies
Holopyga generosa,Wasps,Hymenoptera,Chrysididae,Holopyga,generosa,Species,Wasps
Hoplia philanthus,Beetles,Coleoptera,Scarabaeidae,Hoplia,philanthus,Species,Beetles
Hylaeus brevicornis,Anthophila,Hymenoptera,Colletidae,Hylaeus,brevicornis,Species,solitary_Bees
Hylaeus clypearis,Anthophila,Hymenoptera,Colletidae,Hylaeus,clypearis,Species,solitary_Bees
Hylaeus communis,Anthophila,Hymenoptera,Colletidae,Hylaeus,communis,Species,solitary_Bees
Hylaeus confusus,Anthophila,Hymenoptera,Colletidae,Hylaeus,confusus,Species,solitary_Bees
Hylaeus cornutus,Anthophila,Hymenoptera,Colletidae,Hylaeus,cornutus,Species,solitary_Bees
Hylaeus difformis,Anthophila,Hymenoptera,Colletidae,Hylaeus,difformis,Species,solitary_Bees
Hylaeus gibbus,Anthophila,Hymenoptera,Colletidae,Hylaeus,gibbus,Species,solitary_Bees
Hylaeus gredleri,Anthophila,Hymenoptera,Colletidae,Hylaeus,gredleri,Species,solitary_Bees
Hylaeus hyalinatus,Anthophila,Hymenoptera,Colletidae,Hylaeus,hyalinatus,Species,solitary_Bees
Hylaeus leptocephalus,Anthophila,Hymenoptera,Colletidae,Hylaeus,leptocephalus,Species,solitary_Bees
Hylaeus pictipes,Anthophila,Hymenoptera,Colletidae,Hylaeus,pictipes,Species,solitary_Bees
Hylaeus punctatus,Anthophila,Hymenoptera,Colletidae,Hylaeus,punctatus,Species,solitary_Bees
Hylaeus sinuatus,Anthophila,Hymenoptera,Colletidae,Hylaeus,sinuatus,Species,solitary_Bees
Hylaeus sp.,Anthophila,Hymenoptera,Colletidae,Hylaeus,sp.,Genus,solitary_Bees
Hylaeus styriacus,Anthophila,Hymenoptera,Colletidae,Hylaeus,styriacus,Species,solitary_Bees
Hylaeus taeniolatus,Anthophila,Hymenoptera,Colletidae,Hylaeus,taeniolatus,Species,solitary_Bees
Isodontia mexicana,Wasps,Hymenoptera,Sphecidae,Isodontia,mexicana,Species,Wasps
Lasioglossum calceatum,Anthophila,Hymenoptera,Halictidae,Lasioglossum,calceatum,Species,no
Lasioglossum fulvicorne,Anthophila,Hymenoptera,Halictidae,Lasioglossum,fulvicorne,Species,solitary_Bees
Lasioglossum glabriusculum,Anthophila,Hymenoptera,Halictidae,Lasioglossum,glabriusculum,Species,social_Bees
Lasioglossum laticeps,Anthophila,Hymenoptera,Halictidae,Lasioglossum,laticeps,Species,social_Bees
Lasioglossum lativentre,Anthophila,Hymenoptera,Halictidae,Lasioglossum,lativentre,Species,solitary_Bees
Lasioglossum leucozonium,Anthophila,Hymenoptera,Halictidae,Lasioglossum,leucozonium,Species,solitary_Bees
Lasioglossum malachurum,Anthophila,Hymenoptera,Halictidae,Lasioglossum,malachurum,Species,social_Bees
Lasioglossum morio,Anthophila,Hymenoptera,Halictidae,Lasioglossum,morio,Species,social_Bees
Lasioglossum nitidulum,Anthophila,Hymenoptera,Halictidae,Lasioglossum,nitidulum,Species,social_Bees
Lasioglossum pauxillum,Anthophila,Hymenoptera,Halictidae,Lasioglossum,pauxillum,Species,social_Bees
Lasioglossum politum,Anthophila,Hymenoptera,Halictidae,Lasioglossum,politum,Species,social_Bees
Lasioglossum villosulum,Anthophila,Hymenoptera,Halictidae,Lasioglossum,villosulum,Species,social_Bees
Lasioglossum zonulum,Anthophila,Hymenoptera,Halictidae,Lasioglossum,zonulum,Species,social_Bees
Lestica clypeata,Wasps,Hymenoptera,Crabronidae,Lestica,clypeata,Species,Wasps
Malachius bipustulatus,Beetles,Coleoptera,Malachiidae,Malachius,bipustulatus,Species,Beetles
Megachile centuncularis,Anthophila,Hymenoptera,Megachilidae,Megachile,centuncularis,Species,solitary_Bees
Megachile ericetorum,Anthophila,Hymenoptera,Megachilidae,Megachile,ericetorum,Species,solitary_Bees
Megachile willughbiella,Anthophila,Hymenoptera,Megachilidae,Megachile,willughbiella,Species,solitary_Bees
Melangyna auricollis,Hoverflies,Diptera,Syrphidae,Melangyna,auricolis,Species,Hoverflies
Melangyna umbellatarum,Hoverflies,Diptera,Syrphidae,Melangyna,umbellatarum,Species,Hoverflies
Melanostoma mellinum,Hoverflies,Diptera,Syrphidae,Melanostoma,mellinum,Species,Hoverflies
Melanostoma scalare,Hoverflies,Diptera,Syrphidae,Melanostoma,scalare,Species,Hoverflies
Meliscaeva auricollis,Hoverflies,Diptera,Syrphidae,Meliscaeva,auricollis,Species,Hoverflies
Mimumesa sp.,Wasps,Hymenoptera,Sphecidae,Mimumesa,sp.,Genus,Wasps
Mordella sp.,Beetles,Coleoptera,Mordellidae,Mordella,sp.,Genus,Beetles
Myathropa florea,Hoverflies,Diptera,Syrphidae,Myathropa,florea,Species,Hoverflies
Oedemera femorata,Beetles,Coleoptera,Oedemeridae,Oedemera,femorata,Species,Beetles
Oedemera lurida,Beetles,Coleoptera,Oedemeridae,Oedemera,lurida,Species,Beetles
Oedemera nobilis,Beetles,Coleoptera,Oedemeridae,Oedemera,nobilis,Species,Beetles
Omalus biaccinctus,Wasps,Hymenoptera,Chrysididae,Omalus,biaccinctus,Species,Wasps
Orthonevra nobilis,Hoverflies,Diptera,Syrphidae,Orthonevra,nobilis,Species,Hoverflies
Osmia adunca,Anthophila,Hymenoptera,Megachilidae,Osmia,adunca,Species,solitary_Bees
Osmia bicornis,Anthophila,Hymenoptera,Megachilidae,Osmia,bicornis,Species,solitary_Bees
Osmia brevicornis,Anthophila,Hymenoptera,Megachilidae,Osmia,brevicornis,Species,solitary_Bees
Osmia caerulescens,Anthophila,Hymenoptera,Megachilidae,Osmia,caerulescens,Species,solitary_Bees
Osmia leucomelana,Anthophila,Hymenoptera,Megachilidae,Osmia,leucomelana,Species,solitary_Bees
Oxybelus bipunctatus,Wasps,Hymenoptera,Crabronidae,Oxybelus,bipunctatus,Species,Wasps
Oxybelus sp.,Wasps,Hymenoptera,Crabronidae,Oxybelus,sp.,Genus,Wasps
Oxybelus trispinosus,Wasps,Hymenoptera,Crabronidae,Oxybelus,trispinosus,Species,Wasps
Oxythyrea funesta,Beetles,Coleoptera,Scarabaeidae,Oxythyrea,funesta,Species,Beetles
Paragus albifrons,Hoverflies,Diptera,Syrphidae,Paragus,albifrons,Species,Hoverflies
Paragus haemorrhous,Hoverflies,Diptera,Syrphidae,Paragus,haemorrhous,Species,Hoverflies
Paragus sp.,Hoverflies,Diptera,Syrphidae,Paragus,sp.,Genus,Hoverflies
Passaloceus sp.,Wasps,Hymenoptera,Crabronidae,Passaloecus,sp.,Genus,Wasps
Passaloecus borealis,Wasps,Hymenoptera,Crabronidae,Passaloecus,borealis,Species,Wasps
Pipiza sp.,Hoverflies,Diptera,Syrphidae,Pipiza,sp.,Genus,Hoverflies
Pipizella sp.,Hoverflies,Diptera,Syrphidae,Pipizella,sp.,Genus,Hoverflies
Pipizella viduata,Hoverflies,Diptera,Syrphidae,Pipizella,viduata,Species,Hoverflies
Pipizella virens,Hoverflies,Diptera,Syrphidae,Pipizella,virens,Species,Hoverflies
Platycheirus albimanus,Hoverflies,Diptera,Syrphidae,Platycheirus,albimanus,Species,Hoverflies
Platycheirus scutatus,Hoverflies,Diptera,Syrphidae,Platycheirus,scutatus,Species,Hoverflies
Platycheirus sp.,Hoverflies,Diptera,Syrphidae,Platycheirus,sp.,Genus,Hoverflies
Polistes dominulus,Wasps,Hymenoptera,Vespidae,Polistes,dominulus,Species,Wasps
Psenulus pallipes,Wasps,Hymenoptera,Crabronidae,Psenulus,pallipes,Species,Wasps
Pseudomalus auratus,Wasps,Hymenoptera,Chrysididae,Pseudomalus,auratus,Species,Wasps
Pseudomalus pusillus,Wasps,Hymenoptera,Chrysididae,Pseudomalus,pusillus,Species,Wasps
Rutpela maculata,Beetles,Coleoptera,Cerambycidae,Rutpela,maculata,Species,Beetles
Sapygina decemguttata,Wasps,Hymenoptera,Sapygidae,Sapygina,decemguttata,Species,Wasps
Scaeva pyrastri,Hoverflies,Diptera,Syrphidae,Scaeva,pyrastri,Species,Hoverflies
Scaeva selenitica,Hoverflies,Diptera,Syrphidae,Scaeva,selenitica,Species,Hoverflies
Sphaerophoria interrupta,Hoverflies,Diptera,Syrphidae,Sphaerophoria,interrupta,Species,Hoverflies
Sphaerophoria scripta,Hoverflies,Diptera,Syrphidae,Sphaerophoria,scripta,Species,Hoverflies
Sphaerophoria sp.,Hoverflies,Diptera,Syrphidae,Sphaerophoria,sp.,Genus,Hoverflies
Sphaerophoria taeniata,Hoverflies,Diptera,Syrphidae,Sphaerophoria,taeniata,Species,Hoverflies
Sphecodes niger,Anthophila,Hymenoptera,Halictidae,Sphecodes,niger,Species,no
Sphecodes sp.,Anthophila,Hymenoptera,Halictidae,Sphecodes,sp.,Genus,no
Spilomena sp.,Wasps,Hymenoptera,Crabronidae,Spilomena,sp.,Genus,Wasps
Stenurella melanura,Beetles,Coleoptera,Cerambycidae,Stenurella,melanura,Species,Beetles
Stictoleptura rubra,Beetles,Coleoptera,Cerambycidae,Stictoleptura,rubra,Species,Beetles
Syritta pipiens,Hoverflies,Diptera,Syrphidae,Syritta,pipiens,Species,Hoverflies
Syrphidae,Hoverflies,Diptera,Syrphidae,,,Family,Hoverflies
Syrphus ribesii,Hoverflies,Diptera,Syrphidae,Syrphus,ribesii,Species,Hoverflies
Syrphus torvus,Hoverflies,Diptera,Syrphidae,Syrphus,torvus,Species,Hoverflies
Syrphus vitripennis,Hoverflies,Diptera,Syrphidae,Syrphus,vitripennis,Species,Hoverflies
Trichius fasciatus,Beetles,Coleoptera,Scarabaeidae,Trichius,fasciatus,Species,Beetles
Trichodes alvearius,Beetles,Coleoptera,Cleridae,Trichodes,alvearius,Species,Beetles
Trichodes apiarius,Beetles,Coleoptera,Cleridae,Trichodes,apiarius,Species,Beetles
Trypoxylon minus,Wasps,Hymenoptera,Crabronidae,Trypoxylon,minus,Species,Wasps
Variimorda sp.,Beetles,Coleoptera,Mordellidae,Variimorda,sp.,Genus,Beetles
Vespula vulgaris,Wasps,Hymenoptera,Vespidae,Vespula,vulgaris,Species,Wasps
Volucella zonaria,Hoverflies,Diptera,Syrphidae,Volucella,zonaria,Species,Hoverflies
