Id,plant_nr,plant_id,branch_nr,branch_id,n_flowers_with_fruits,n_flowers_without_fruits,comment
2,1,2_1,1,2_1_1,9,80,small pot (1.5L)
2,1,2_1,2,2_1_2,23,79,small pot (1.5L)
2,1,2_1,3,2_1_3,20,94,small pot (1.5L)
2,2,2_2,1,2_2_1,38,82,
2,2,2_2,2,2_2_2,20,65,
2,2,2_2,3,2_2_3,18,66,
2,2,2_2,4,2_2_4,25,55,
2,2,2_2,5,2_2_5,20,90,
2,2,2_2,6,2_2_6,16,97,
2,3,2_3,1,2_3_1,19,65,
2,3,2_3,2,2_3_2,14,86,
2,3,2_3,3,2_3_3,25,99,
2,3,2_3,4,2_3_4,27,103,
2,4,2_4,1,2_4_1,19,39,
2,4,2_4,2,2_4_2,28,57,
2,4,2_4,3,2_4_3,48,70,
2,4,2_4,4,2_4_4,40,88,
2,4,2_4,5,2_4_5,29,84,
2,4,2_4,6,2_4_6,26,54,
2,5,2_5,1,2_5_1,9,27,
2,5,2_5,2,2_5_2,14,39,
2,5,2_5,3,2_5_3,25,52,
2,5,2_5,4,2_5_4,42,79,
2,5,2_5,5,2_5_5,20,36,
2,5,2_5,6,2_5_6,33,70,
2,6,2_6,1,2_6_1,28,48,dry since weeks
2,6,2_6,2,2_6_2,19,63,dry since weeks
2,6,2_6,3,2_6_3,14,26,dry since weeks
2,6,2_6,4,2_6_4,28,50,dry since weeks
2,6,2_6,5,2_6_5,26,39,dry since weeks
2,6,2_6,6,2_6_6,26,60,dry since weeks
7,1,7_1,1,7_1_1,19,29,
7,1,7_1,2,7_1_2,33,59,
7,1,7_1,3,7_1_3,11,16,
7,1,7_1,4,7_1_4,12,20,
7,1,7_1,5,7_1_5,14,14,
7,2,7_2,1,7_2_1,46,64,
7,2,7_2,2,7_2_2,22,55,
7,2,7_2,3,7_2_3,25,47,
7,2,7_2,4,7_2_4,34,68,
7,2,7_2,5,7_2_5,19,48,
7,2,7_2,6,7_2_6,25,40,
7,3,7_3,1,7_3_1,18,26,
7,3,7_3,2,7_3_2,16,16,
7,3,7_3,3,7_3_3,22,46,
7,3,7_3,4,7_3_4,14,15,
7,3,7_3,5,7_3_5,24,39,
7,3,7_3,6,7_3_6,16,26,
7,3,7_3,7,7_3_7,24,35,
7,4,7_4,1,7_4_1,25,64,
7,4,7_4,2,7_4_2,43,70,
7,4,7_4,3,7_4_3,35,118,
7,4,7_4,4,7_4_4,36,112,
7,4,7_4,5,7_4_5,19,62,
7,4,7_4,6,7_4_6,39,94,
7,5,7_5,1,7_5_1,17,44,
7,5,7_5,2,7_5_2,26,54,
7,5,7_5,3,7_5_3,23,56,
7,5,7_5,4,7_5_4,26,91,
7,5,7_5,5,7_5_5,15,39,
7,5,7_5,6,7_5_6,34,96,
7,6,7_6,1,7_6_1,19,50,small pot (1.5L)
7,6,7_6,2,7_6_2,7,19,small pot (1.5L)
7,6,7_6,3,7_6_3,11,19,small pot (1.5L)
7,6,7_6,4,7_6_4,16,30,small pot (1.5L)
7,6,7_6,5,7_6_5,15,28,small pot (1.5L)
8,1,8_1,1,8_1_1,16,16,
8,1,8_1,2,8_1_2,17,85,
8,1,8_1,3,8_1_3,32,63,
8,1,8_1,4,8_1_4,31,58,
8,1,8_1,5,8_1_5,18,40,
8,1,8_1,6,8_1_6,22,84,
8,2,8_2,1,8_2_1,15,30,
8,2,8_2,2,8_2_2,10,43,
8,2,8_2,3,8_2_3,13,57,
8,2,8_2,4,8_2_4,11,30,
8,2,8_2,5,8_2_5,19,58,
8,2,8_2,6,8_2_6,20,89,
8,3,8_3,1,8_3_1,10,20,torn plant in cola bottle
8,3,8_3,2,8_3_2,9,22,torn plant in cola bottle
8,3,8_3,3,8_3_3,24,33,torn plant in cola bottle
8,3,8_3,4,8_3_4,17,30,torn plant in cola bottle
8,3,8_3,5,8_3_5,12,45,torn plant in cola bottle
8,3,8_3,6,8_3_6,19,30,torn plant in cola bottle
8,4,8_4,1,8_4_1,20,51,
8,4,8_4,2,8_4_2,35,93,
8,4,8_4,3,8_4_3,38,53,
8,4,8_4,4,8_4_4,44,60,
8,4,8_4,5,8_4_5,38,74,
8,5,8_5,1,8_5_1,32,48,
8,5,8_5,2,8_5_2,26,38,
8,5,8_5,3,8_5_3,9,35,
8,5,8_5,4,8_5_4,20,39,
8,5,8_5,5,8_5_5,22,30,
8,5,8_5,6,8_5_6,24,39,
8,6,8_6,1,8_6_1,22,38,small pot (1.5L)
8,6,8_6,2,8_6_2,15,25,small pot (1.5L)
8,6,8_6,3,8_6_3,14,41,small pot (1.5L)
8,6,8_6,4,8_6_4,19,56,small pot (1.5L)
11,1,11_1,1,11_1_1,9,32,
11,1,11_1,2,11_1_2,21,70,
11,1,11_1,3,11_1_3,19,76,
11,1,11_1,4,11_1_4,20,69,
11,1,11_1,5,11_1_5,29,79,
11,1,11_1,6,11_1_6,12,56,
11,2,11_2,1,11_2_1,23,40,
11,2,11_2,2,11_2_2,44,80,
11,2,11_2,3,11_2_3,25,49,
11,2,11_2,4,11_2_4,16,59,
11,2,11_2,5,11_2_5,18,46,
11,2,11_2,6,11_2_6,33,75,
11,3,11_3,1,11_3_1,10,21,
11,3,11_3,2,11_3_2,21,62,
11,3,11_3,3,11_3_3,18,44,
11,3,11_3,4,11_3_4,22,70,
11,3,11_3,5,11_3_5,23,47,
11,3,11_3,6,11_3_6,16,41,
11,4,11_4,1,11_4_1,26,76,small pot (1.5L)
11,4,11_4,2,11_4_2,23,69,small pot (1.5L)
11,4,11_4,3,11_4_3,18,54,small pot (1.5L)
11,4,11_4,4,11_4_4,22,88,small pot (1.5L)
11,4,11_4,5,11_4_5,8,23,small pot (1.5L)
11,5,11_5,1,11_5_1,18,64,
11,5,11_5,2,11_5_2,17,40,
11,5,11_5,3,11_5_3,11,37,
11,5,11_5,4,11_5_4,14,50,
11,5,11_5,5,11_5_5,13,50,
11,5,11_5,6,11_5_6,9,22,
11,6,11_6,1,11_6_1,18,43,
11,6,11_6,2,11_6_2,8,15,
11,6,11_6,3,11_6_3,13,32,
11,6,11_6,4,11_6_4,10,12,
11,6,11_6,5,11_6_5,11,27,
11,6,11_6,6,11_6_6,20,41,
17,1,17_1,1,17_1_1,11,13,
17,1,17_1,2,17_1_2,25,39,
17,1,17_1,3,17_1_3,15,22,
17,1,17_1,4,17_1_4,9,8,
17,1,17_1,5,17_1_5,18,57,
17,1,17_1,6,17_1_6,17,53,
17,2,17_2,1,17_2_1,24,79,
17,2,17_2,2,17_2_2,19,54,
17,2,17_2,3,17_2_3,32,62,
17,2,17_2,4,17_2_4,15,43,
17,2,17_2,5,17_2_5,32,79,
17,2,17_2,6,17_2_6,20,58,
17,3,17_3,1,17_3_1,26,69,
17,3,17_3,2,17_3_2,41,59,
17,3,17_3,3,17_3_3,24,47,
17,3,17_3,4,17_3_4,19,34,
17,3,17_3,5,17_3_5,24,39,
17,3,17_3,6,17_3_6,23,39,
17,4,17_4,1,17_4_1,19,33,
17,4,17_4,2,17_4_2,30,67,
17,4,17_4,3,17_4_3,15,29,
17,4,17_4,4,17_4_4,21,54,
17,5,17_5,1,17_5_1,12,31,
17,5,17_5,2,17_5_2,7,15,
17,5,17_5,3,17_5_3,10,24,
17,5,17_5,4,17_5_4,5,12,
17,5,17_5,5,17_5_5,8,24,
17,5,17_5,6,17_5_6,8,17,
17,6,17_6,1,17_6_1,28,45,
17,6,17_6,2,17_6_2,19,49,
17,6,17_6,3,17_6_3,19,47,
17,6,17_6,4,17_6_4,21,56,
17,6,17_6,5,17_6_5,32,66,
19,1,19_1,1,19_1_1,13,50,
19,1,19_1,2,19_1_2,15,34,
19,1,19_1,3,19_1_3,17,44,
19,1,19_1,4,19_1_4,13,36,
19,1,19_1,5,19_1_5,17,47,
19,2,19_2,1,19_2_1,5,34,small pot (1.5L)
19,2,19_2,2,19_2_2,4,31,small pot (1.5L)
19,2,19_2,3,19_2_3,7,20,small pot (1.5L)
19,2,19_2,4,19_2_4,4,20,small pot (1.5L)
19,2,19_2,5,19_2_5,3,25,small pot (1.5L)
19,2,19_2,6,19_2_6,3,22,small pot (1.5L)
19,3,19_3,1,19_3_1,15,48,
19,3,19_3,2,19_3_2,7,33,
19,3,19_3,3,19_3_3,12,48,
19,3,19_3,4,19_3_4,13,63,
19,3,19_3,5,19_3_5,16,55,
19,3,19_3,6,19_3_6,20,106,
19,4,19_4,1,19_4_1,4,20,
19,4,19_4,2,19_4_2,16,59,
19,4,19_4,3,19_4_3,11,58,
19,4,19_4,4,19_4_4,5,34,
19,4,19_4,5,19_4_5,11,53,
19,5,19_5,1,19_5_1,6,24,
19,5,19_5,2,19_5_2,18,80,
19,5,19_5,3,19_5_3,23,100,
19,5,19_5,4,19_5_4,11,44,
19,6,19_6,1,19_6_1,13,39,
19,6,19_6,2,19_6_2,8,55,
19,6,19_6,3,19_6_3,10,29,
19,6,19_6,4,19_6_4,32,49,
19,6,19_6,5,19_6_5,16,48,
25,1,25_1,1,25_1_1,20,44,
25,1,25_1,2,25_1_2,22,64,
25,1,25_1,3,25_1_3,33,44,
25,1,25_1,4,25_1_4,24,35,
25,1,25_1,5,25_1_5,26,60,
25,2,25_2,1,25_2_1,8,10,small pot (1.5L)
25,2,25_2,2,25_2_2,11,56,small pot (1.5L)
25,2,25_2,3,25_2_3,22,63,small pot (1.5L)
25,2,25_2,4,25_2_4,21,50,small pot (1.5L)
25,2,25_2,5,25_2_5,8,39,small pot (1.5L)
25,3,25_3,1,25_3_1,20,15,
25,3,25_3,2,25_3_2,22,60,
25,3,25_3,3,25_3_3,11,18,
25,3,25_3,4,25_3_4,16,23,
25,3,25_3,5,25_3_5,18,40,
25,4,25_4,1,25_4_1,28,47,
25,4,25_4,2,25_4_2,34,61,
25,4,25_4,3,25_4_3,27,45,
25,4,25_4,4,25_4_4,21,57,
25,4,25_4,5,25_4_5,71,103,
25,4,25_4,6,25_4_6,45,75,
25,5,25_5,1,25_5_1,26,79,
25,5,25_5,2,25_5_2,19,53,
25,5,25_5,3,25_5_3,41,89,
25,5,25_5,4,25_5_4,32,63,
25,5,25_5,5,25_5_5,72,135,
25,6,25_6,1,25_6_1,23,67,
25,6,25_6,2,25_6_2,19,50,
25,6,25_6,3,25_6_3,22,48,
25,6,25_6,4,25_6_4,26,57,
25,6,25_6,5,25_6_5,20,56,
27,1,27_1,1,27_1_1,15,60,
27,1,27_1,2,27_1_2,10,56,
27,1,27_1,3,27_1_3,19,36,
27,1,27_1,4,27_1_4,19,74,
27,1,27_1,5,27_1_5,28,116,
27,1,27_1,6,27_1_6,10,25,
27,1,27_1,7,27_1_7,26,106,
27,1,27_1,8,27_1_8,27,107,
27,2,27_2,1,27_2_1,8,46,
27,2,27_2,2,27_2_2,8,31,
27,2,27_2,3,27_2_3,30,137,
27,2,27_2,4,27_2_4,17,108,
27,2,27_2,5,27_2_5,26,103,
27,3,27_3,1,27_3_1,28,62,
27,3,27_3,2,27_3_2,19,172,
27,3,27_3,3,27_3_3,12,30,
27,3,27_3,4,27_3_4,29,106,
27,3,27_3,5,27_3_5,26,61,
27,3,27_3,6,27_3_6,40,120,
27,4,27_4,1,27_4_1,17,44,
27,4,27_4,2,27_4_2,26,43,
27,4,27_4,3,27_4_3,14,46,
27,4,27_4,4,27_4_4,18,49,
27,4,27_4,5,27_4_5,12,61,
27,4,27_4,6,27_4_6,36,37,
27,4,27_4,7,27_4_7,38,137,
27,5,27_5,1,27_5_1,21,56,
27,5,27_5,2,27_5_2,29,106,
27,5,27_5,3,27_5_3,23,93,
27,5,27_5,4,27_5_4,15,59,
27,5,27_5,5,27_5_5,14,66,
27,5,27_5,6,27_5_6,13,46,
27,5,27_5,7,27_5_7,23,94,
27,6,27_6,1,27_6_1,37,60,
27,6,27_6,2,27_6_2,25,109,
27,6,27_6,3,27_6_3,30,118,
27,6,27_6,4,27_6_4,36,136,
27,6,27_6,5,27_6_5,31,93,
28,1,28_1,1,28_1_1,18,55,
28,1,28_1,2,28_1_2,24,70,
28,1,28_1,3,28_1_3,27,67,
28,1,28_1,4,28_1_4,26,107,
28,1,28_1,5,28_1_5,30,92,
28,1,28_1,6,28_1_6,20,88,
28,2,28_2,1,28_2_1,16,34,
28,2,28_2,2,28_2_2,14,35,
28,2,28_2,3,28_2_3,17,50,
28,2,28_2,4,28_2_4,29,45,
28,2,28_2,5,28_2_5,27,61,
28,2,28_2,6,28_2_6,27,57,
28,3,28_3,1,28_3_1,14,47,small pot (1.5L)
28,3,28_3,2,28_3_2,7,15,small pot (1.5L)
28,3,28_3,3,28_3_3,12,40,small pot (1.5L)
28,3,28_3,4,28_3_4,17,116,small pot (1.5L)
28,4,28_4,1,28_4_1,26,99,
28,4,28_4,2,28_4_2,26,92,
28,4,28_4,3,28_4_3,19,120,
28,4,28_4,4,28_4_4,29,76,
28,5,28_5,1,28_5_1,27,54,
28,5,28_5,2,28_5_2,10,37,
28,5,28_5,3,28_5_3,28,64,
28,5,28_5,4,28_5_4,25,54,
28,5,28_5,5,28_5_5,17,53,
28,5,28_5,6,28_5_6,26,53,
28,6,28_6,1,28_6_1,21,73,
28,6,28_6,2,28_6_2,13,53,
28,6,28_6,3,28_6_3,23,136,
28,6,28_6,4,28_6_4,21,87,
30,1,30_1,1,30_1_1,8,21,
30,1,30_1,2,30_1_2,5,27,
30,1,30_1,3,30_1_3,17,55,
30,1,30_1,4,30_1_4,18,45,
30,1,30_1,5,30_1_5,19,57,
30,1,30_1,6,30_1_6,14,54,
30,2,30_2,1,30_2_1,16,19,
30,2,30_2,2,30_2_2,10,10,
30,2,30_2,3,30_2_3,14,23,
30,2,30_2,4,30_2_4,10,27,
30,2,30_2,5,30_2_5,29,37,
30,3,30_3,1,30_3_1,27,49,
30,3,30_3,2,30_3_2,16,56,
30,3,30_3,3,30_3_3,22,43,
30,3,30_3,4,30_3_4,30,55,
30,3,30_3,5,30_3_5,26,57,
30,4,30_4,1,30_4_1,21,24,
30,4,30_4,2,30_4_2,23,25,
30,4,30_4,3,30_4_3,22,39,
30,5,30_5,1,30_5_1,13,41,
30,5,30_5,2,30_5_2,14,49,
30,5,30_5,3,30_5_3,20,86,
30,5,30_5,4,30_5_4,10,59,
30,5,30_5,5,30_5_5,24,55,
30,6,30_6,1,30_6_1,10,17,small pot (1.5L)
30,6,30_6,2,30_6_2,12,14,small pot (1.5L)
30,6,30_6,3,30_6_3,9,10,small pot (1.5L)
30,6,30_6,4,30_6_4,10,13,small pot (1.5L)
30,6,30_6,5,30_6_5,8,14,small pot (1.5L)
30,6,30_6,6,30_6_6,8,8,small pot (1.5L)
39,1,39_1,1,39_1_1,20,27,
39,1,39_1,2,39_1_2,19,30,
39,1,39_1,3,39_1_3,27,36,
39,1,39_1,4,39_1_4,30,57,
39,1,39_1,5,39_1_5,31,84,
39,1,39_1,6,39_1_6,24,63,
39,2,39_2,1,39_2_1,19,36,
39,2,39_2,2,39_2_2,22,54,
39,2,39_2,3,39_2_3,14,32,
39,2,39_2,4,39_2_4,15,50,
39,2,39_2,5,39_2_5,20,57,
39,2,39_2,6,39_2_6,19,47,
39,2,39_2,7,39_2_7,17,57,
39,3,39_3,1,39_3_1,18,31,
39,3,39_3,2,39_3_2,35,65,
39,3,39_3,3,39_3_3,23,33,
39,3,39_3,4,39_3_4,16,44,
39,3,39_3,5,39_3_5,17,20,
39,4,39_4,1,39_4_1,12,53,small pot (1.5L)
39,4,39_4,2,39_4_2,13,81,small pot (1.5L)
39,4,39_4,3,39_4_3,19,119,small pot (1.5L)
39,4,39_4,4,39_4_4,16,80,small pot (1.5L)
39,5,39_5,1,39_5_1,38,71,
39,5,39_5,2,39_5_2,24,38,
39,5,39_5,3,39_5_3,50,87,
39,5,39_5,4,39_5_4,29,57,
39,5,39_5,5,39_5_5,24,47,
39,5,39_5,6,39_5_6,33,61,
39,5,39_5,7,39_5_7,27,48,
39,6,39_6,1,39_6_1,26,53,
39,6,39_6,2,39_6_2,29,46,
39,6,39_6,3,39_6_3,23,30,
39,6,39_6,4,39_6_4,26,49,
39,6,39_6,5,39_6_5,24,44,
39,6,39_6,6,39_6_6,35,67,
40,1,40_1,1,40_1_1,13,35,
40,1,40_1,2,40_1_2,9,32,
40,1,40_1,3,40_1_3,15,74,
40,1,40_1,4,40_1_4,5,54,
40,1,40_1,5,40_1_5,18,78,
40,1,40_1,6,40_1_6,19,72,
40,2,40_2,1,40_2_1,11,19,
40,2,40_2,2,40_2_2,22,59,
40,2,40_2,3,40_2_3,18,43,
40,2,40_2,4,40_2_4,24,69,
40,2,40_2,5,40_2_5,11,40,
40,2,40_2,6,40_2_6,14,63,
40,3,40_3,1,40_3_1,5,18,
40,3,40_3,2,40_3_2,18,57,
40,3,40_3,3,40_3_3,15,37,
40,3,40_3,4,40_3_4,16,54,
40,3,40_3,5,40_3_5,32,112,
40,4,40_4,1,40_4_1,19,69,
40,4,40_4,2,40_4_2,12,47,
40,4,40_4,3,40_4_3,15,49,
40,4,40_4,4,40_4_4,15,53,
40,4,40_4,5,40_4_5,33,96,
40,4,40_4,6,40_4_6,17,62,
40,5,40_5,1,40_5_1,21,65,
40,5,40_5,2,40_5_2,21,63,
40,5,40_5,3,40_5_3,20,65,
40,5,40_5,4,40_5_4,14,68,
40,5,40_5,5,40_5_5,18,50,
40,5,40_5,6,40_5_6,26,94,
40,6,40_6,1,40_6_1,8,39,small pot (1.5L)
40,6,40_6,2,40_6_2,22,60,small pot (1.5L)
40,6,40_6,3,40_6_3,15,44,small pot (1.5L)
40,6,40_6,4,40_6_4,25,69,small pot (1.5L)
41,1,41_1,1,41_1_1,15,54,
41,1,41_1,2,41_1_2,13,66,
41,1,41_1,3,41_1_3,16,49,
41,1,41_1,4,41_1_4,14,53,
41,1,41_1,5,41_1_5,20,64,
41,2,41_2,1,41_2_1,19,23,
41,2,41_2,2,41_2_2,41,110,
41,2,41_2,3,41_2_3,19,45,
41,2,41_2,4,41_2_4,25,45,
41,2,41_2,5,41_2_5,15,27,
41,2,41_2,6,41_2_6,14,26,
41,3,41_3,1,41_3_1,16,34,
41,3,41_3,2,41_3_2,40,69,
41,3,41_3,3,41_3_3,28,45,
41,3,41_3,4,41_3_4,23,78,
41,3,41_3,5,41_3_5,34,59,
41,3,41_3,6,41_3_6,35,52,
41,4,41_4,1,41_4_1,12,23,
41,4,41_4,2,41_4_2,26,88,
41,4,41_4,3,41_4_3,13,43,
41,4,41_4,4,41_4_4,14,27,
41,4,41_4,5,41_4_5,32,66,
41,4,41_4,6,41_4_6,37,80,
41,5,41_5,1,41_5_1,17,38,
41,5,41_5,2,41_5_2,30,33,
41,5,41_5,3,41_5_3,14,29,
41,5,41_5,4,41_5_4,30,54,
41,5,41_5,5,41_5_5,41,64,
41,5,41_5,6,41_5_6,38,44,
41,6,41_6,1,41_6_1,7,34,small pot (1.5L)
41,6,41_6,2,41_6_2,15,58,small pot (1.5L)
41,6,41_6,3,41_6_3,18,55,small pot (1.5L)
41,6,41_6,4,41_6_4,14,64,small pot (1.5L)
41,6,41_6,5,41_6_5,22,77,small pot (1.5L)
47,1,47_1,1,47_1_1,12,74,
47,1,47_1,2,47_1_2,13,33,
47,1,47_1,3,47_1_3,11,64,
47,1,47_1,4,47_1_4,15,64,
47,2,47_2,1,47_2_1,31,54,
47,2,47_2,2,47_2_2,40,88,
47,2,47_2,3,47_2_3,29,89,
47,2,47_2,4,47_2_4,27,50,
47,2,47_2,5,47_2_5,27,75,
47,3,47_3,1,47_3_1,27,75,
47,3,47_3,2,47_3_2,26,39,
47,3,47_3,3,47_3_3,28,69,
47,3,47_3,4,47_3_4,11,48,
47,3,47_3,5,47_3_5,22,66,
47,3,47_3,6,47_3_6,22,54,
47,4,47_4,1,47_4_1,15,57,
47,4,47_4,2,47_4_2,41,118,
47,4,47_4,3,47_4_3,13,60,
47,4,47_4,4,47_4_4,24,105,
47,4,47_4,5,47_4_5,11,37,
47,5,47_5,1,47_5_1,21,31,
47,5,47_5,2,47_5_2,18,50,
47,5,47_5,3,47_5_3,12,16,
47,5,47_5,4,47_5_4,22,34,
47,5,47_5,5,47_5_5,18,34,
47,5,47_5,6,47_5_6,27,54,
47,6,47_6,1,47_6_1,11,40,
47,6,47_6,2,47_6_2,17,67,
47,6,47_6,3,47_6_3,13,70,
47,6,47_6,4,47_6_4,11,34,
47,6,47_6,5,47_6_5,16,49,
48,1,48_1,1,48_1_1,10,45,
48,1,48_1,2,48_1_2,28,130,
48,1,48_1,3,48_1_3,33,125,
48,1,48_1,4,48_1_4,14,55,
48,1,48_1,5,48_1_5,10,29,
48,1,48_1,6,48_1_6,24,79,
48,2,48_2,1,48_2_1,10,25,
48,2,48_2,2,48_2_2,12,19,
48,2,48_2,3,48_2_3,9,27,
48,2,48_2,4,48_2_4,17,53,
48,2,48_2,5,48_2_5,11,40,
48,2,48_2,6,48_2_6,35,90,
48,2,48_2,7,48_2_7,15,34,
48,3,48_3,1,48_3_1,25,37,
48,3,48_3,2,48_3_2,8,20,
48,3,48_3,3,48_3_3,21,30,
48,3,48_3,4,48_3_4,14,25,
48,3,48_3,5,48_3_5,19,44,
48,3,48_3,6,48_3_6,12,33,
48,4,48_4,1,48_4_1,20,43,
48,4,48_4,2,48_4_2,14,61,
48,4,48_4,3,48_4_3,23,73,
48,4,48_4,4,48_4_4,24,63,
48,4,48_4,5,48_4_5,15,53,
48,4,48_4,6,48_4_6,40,94,
48,4,48_4,7,48_4_7,25,73,
48,5,48_5,1,48_5_1,16,34,
48,5,48_5,2,48_5_2,23,61,
48,5,48_5,3,48_5_3,23,39,
48,5,48_5,4,48_5_4,26,34,
48,5,48_5,5,48_5_5,40,51,
48,5,48_5,6,48_5_6,24,57,
48,6,48_6,1,48_6_1,21,70,
48,6,48_6,2,48_6_2,32,66,
48,6,48_6,3,48_6_3,30,111,
48,6,48_6,4,48_6_4,20,65,
48,6,48_6,5,48_6_5,15,54,
52,1,52_1,1,52_1_1,18,27,
52,1,52_1,2,52_1_2,24,49,
52,1,52_1,3,52_1_3,21,32,
52,1,52_1,4,52_1_4,35,75,
52,1,52_1,5,52_1_5,37,146,
52,1,52_1,6,52_1_6,24,28,
52,2,52_2,1,52_2_1,15,72,
52,2,52_2,2,52_2_2,18,43,
52,2,52_2,3,52_2_3,16,90,
52,2,52_2,4,52_2_4,33,134,
52,2,52_2,5,52_2_5,20,142,
52,2,52_2,6,52_2_6,16,133,
52,3,52_3,1,52_3_1,34,125,
52,3,52_3,2,52_3_2,15,52,
52,3,52_3,3,52_3_3,20,37,
52,3,52_3,4,52_3_4,11,31,
52,3,52_3,5,52_3_5,24,49,
52,3,52_3,6,52_3_6,30,69,
52,4,52_4,1,52_4_1,25,32,
52,4,52_4,2,52_4_2,13,50,
52,4,52_4,3,52_4_3,19,69,
52,4,52_4,4,52_4_4,62,135,
52,4,52_4,5,52_4_5,28,48,
52,5,52_5,1,52_5_1,15,99,
52,5,52_5,2,52_5_2,18,87,
52,5,52_5,3,52_5_3,14,47,
52,5,52_5,4,52_5_4,17,43,
52,6,52_6,1,52_6_1,4,27,
52,6,52_6,2,52_6_2,6,99,
52,6,52_6,3,52_6_3,12,52,
52,6,52_6,4,52_6_4,18,105,
53,1,53_1,1,53_1_1,15,45,dry since weeks
53,1,53_1,2,53_1_2,10,56,dry since weeks
53,1,53_1,3,53_1_3,18,68,dry since weeks
53,1,53_1,4,53_1_4,11,69,dry since weeks
53,2,53_2,1,53_2_1,16,41,
53,2,53_2,2,53_2_2,18,55,
53,2,53_2,3,53_2_3,23,85,
53,2,53_2,4,53_2_4,25,74,
53,3,53_3,1,53_3_1,11,55,small pot (1.5L)
53,3,53_3,2,53_3_2,11,80,small pot (1.5L)
53,4,53_4,1,53_4_1,15,74,
53,4,53_4,2,53_4_2,7,125,
53,4,53_4,3,53_4_3,24,106,
53,4,53_4,4,53_4_4,10,73,
53,4,53_4,5,53_4_5,11,67,
53,4,53_4,6,53_4_6,29,138,
53,5,53_5,1,53_5_1,31,58,
53,5,53_5,2,53_5_2,20,59,
53,5,53_5,3,53_5_3,23,69,
53,5,53_5,4,53_5_4,16,54,
53,5,53_5,5,53_5_5,25,79,
53,6,53_6,1,53_6_1,17,63,
53,6,53_6,2,53_6_2,21,74,plant with thin fruits
53,6,53_6,3,53_6_3,20,84,plant with thin fruits
53,6,53_6,4,53_6_4,16,55,plant with thin fruits
53,6,53_6,5,53_6_5,32,120,plant with thin fruits
56,1,56_1,1,56_1_1,17,39,
56,1,56_1,2,56_1_2,11,41,
56,1,56_1,3,56_1_3,12,49,
56,1,56_1,4,56_1_4,12,45,
56,2,56_2,1,56_2_1,22,53,
56,2,56_2,2,56_2_2,21,47,
56,2,56_2,3,56_2_3,24,42,
56,2,56_2,4,56_2_4,24,41,
56,2,56_2,5,56_2_5,21,30,
56,3,56_3,1,56_3_1,23,56,
56,3,56_3,2,56_3_2,16,56,
56,3,56_3,3,56_3_3,16,27,
56,3,56_3,4,56_3_4,16,50,
56,3,56_3,5,56_3_5,14,58,
56,3,56_3,6,56_3_6,29,62,
56,4,56_4,1,56_4_1,10,16,
56,4,56_4,2,56_4_2,9,17,
56,4,56_4,3,56_4_3,12,26,
56,4,56_4,4,56_4_4,17,58,
56,4,56_4,5,56_4_5,20,43,
56,5,56_5,1,56_5_1,16,58,
56,5,56_5,2,56_5_2,10,23,
56,5,56_5,3,56_5_3,11,65,
56,5,56_5,4,56_5_4,18,46,
56,5,56_5,5,56_5_5,28,90,
56,6,56_6,1,56_6_1,12,46,small pot (1.5L)
56,6,56_6,2,56_6_2,14,45,small pot (1.5L)
56,6,56_6,3,56_6_3,13,50,small pot (1.5L)
56,6,56_6,4,56_6_4,5,17,small pot (1.5L)
56,6,56_6,5,56_6_5,8,30,small pot (1.5L)
59,1,59_1,1,59_1_1,18,64,
59,1,59_1,2,59_1_2,12,39,
59,1,59_1,3,59_1_3,16,46,
59,1,59_1,4,59_1_4,20,49,
59,1,59_1,5,59_1_5,7,36,
59,2,59_2,1,59_2_1,41,55,
59,2,59_2,2,59_2_2,46,63,
59,2,59_2,3,59_2_3,34,84,
59,2,59_2,4,59_2_4,63,77,
59,2,59_2,5,59_2_5,36,30,
59,2,59_2,6,59_2_6,72,53,
59,3,59_3,1,59_3_1,28,44,
59,3,59_3,2,59_3_2,35,58,
59,3,59_3,3,59_3_3,28,54,
59,3,59_3,4,59_3_4,26,52,
59,3,59_3,5,59_3_5,49,67,
59,4,59_4,1,59_4_1,24,40,
59,4,59_4,2,59_4_2,24,60,
59,4,59_4,3,59_4_3,38,54,
59,4,59_4,4,59_4_4,45,73,
59,4,59_4,5,59_4_5,16,23,
59,4,59_4,6,59_4_6,32,52,
59,5,59_5,1,59_5_1,25,57,
59,5,59_5,2,59_5_2,33,56,
59,5,59_5,3,59_5_3,35,34,
59,5,59_5,4,59_5_4,17,16,
59,5,59_5,5,59_5_5,19,17,
59,5,59_5,6,59_5_6,28,49,
59,6,59_6,1,59_6_1,47,79,small pot (1.5L)
59,6,59_6,2,59_6_2,42,83,small pot (1.5L)
59,6,59_6,3,59_6_3,26,43,small pot (1.5L)
59,6,59_6,4,59_6_4,48,54,small pot (1.5L)
59,6,59_6,5,59_6_5,31,57,small pot (1.5L)
71,1,71_1,1,71_1_1,29,126,
71,1,71_1,2,71_1_2,31,126,
71,1,71_1,3,71_1_3,13,74,
71,1,71_1,4,71_1_4,16,44,
71,1,71_1,5,71_1_5,13,65,
71,1,71_1,6,71_1_6,12,27,
71,1,71_1,7,71_1_7,10,46,
71,1,71_1,8,71_1_8,39,183,
71,2,71_2,1,71_2_1,20,54,
71,2,71_2,2,71_2_2,22,82,
71,2,71_2,3,71_2_3,15,42,
71,2,71_2,4,71_2_4,11,48,
71,2,71_2,5,71_2_5,21,72,
71,2,71_2,6,71_2_6,22,47,
71,2,71_2,7,71_2_7,25,47,
71,3,71_3,1,71_3_1,14,49,
71,3,71_3,2,71_3_2,32,99,
71,3,71_3,3,71_3_3,25,74,
71,3,71_3,4,71_3_4,14,31,
71,3,71_3,5,71_3_5,10,54,
71,3,71_3,6,71_3_6,22,50,
71,4,71_4,1,71_4_1,43,105,
71,4,71_4,2,71_4_2,23,60,
71,4,71_4,3,71_4_3,22,66,
71,4,71_4,4,71_4_4,18,40,
71,5,71_5,1,71_5_1,17,44,
71,5,71_5,2,71_5_2,26,89,
71,5,71_5,3,71_5_3,19,49,
71,5,71_5,4,71_5_4,27,87,
71,5,71_5,5,71_5_5,45,116,
71,6,71_6,1,71_6_1,17,53,
71,6,71_6,2,71_6_2,20,58,
71,6,71_6,3,71_6_3,10,34,
71,6,71_6,4,71_6_4,9,22,
71,6,71_6,5,71_6_5,16,68,
73,1,73_1,1,73_1_1,28,107,
73,1,73_1,2,73_1_2,27,114,
73,1,73_1,3,73_1_3,27,83,
73,1,73_1,4,73_1_4,41,173,
73,2,73_2,1,73_2_1,26,137,plant with thin fruits
73,2,73_2,2,73_2_2,31,98,plant with thin fruits
73,2,73_2,3,73_2_3,34,86,plant with thin fruits
73,2,73_2,4,73_2_4,25,135,plant with thin fruits
73,2,73_2,5,73_2_5,28,140,plant with thin fruits
73,3,73_3,1,73_3_1,32,77,
73,3,73_3,2,73_3_2,22,56,
73,3,73_3,3,73_3_3,32,157,
73,3,73_3,4,73_3_4,20,64,
73,4,73_4,1,73_4_1,8,70,
73,4,73_4,2,73_4_2,8,39,
73,4,73_4,3,73_4_3,13,60,
73,4,73_4,4,73_4_4,9,59,
73,4,73_4,5,73_4_5,22,138,
73,5,73_5,1,73_5_1,30,84,
73,5,73_5,2,73_5_2,24,104,
73,5,73_5,3,73_5_3,17,61,
73,5,73_5,4,73_5_4,11,61,
73,5,73_5,5,73_5_5,20,64,small pot (1.5L)
73,6,73_6,1,73_6_1,9,19,small pot (1.5L)
73,6,73_6,2,73_6_2,16,56,small pot (1.5L)
73,6,73_6,3,73_6_3,18,77,small pot (1.5L)
73,6,73_6,4,73_6_4,12,66,small pot (1.5L)
83,1,83_1,1,83_1_1,15,58,
83,1,83_1,2,83_1_2,10,57,
83,1,83_1,3,83_1_3,13,74,
83,1,83_1,4,83_1_4,24,86,
83,1,83_1,5,83_1_5,11,38,
83,2,83_2,1,83_2_1,7,21,
83,2,83_2,2,83_2_2,36,99,
83,2,83_2,3,83_2_3,18,44,
83,2,83_2,4,83_2_4,11,23,
83,2,83_2,5,83_2_5,16,27,
83,2,83_2,6,83_2_6,17,39,
83,3,83_3,1,83_3_1,7,25,small pot (1.5L)
83,3,83_3,2,83_3_2,14,63,small pot (1.5L)
83,3,83_3,3,83_3_3,14,89,small pot (1.5L)
83,3,83_3,4,83_3_4,10,41,small pot (1.5L)
83,4,83_4,1,83_4_1,11,34,
83,4,83_4,2,83_4_2,9,14,
83,4,83_4,3,83_4_3,12,32,
83,4,83_4,4,83_4_4,7,16,
83,4,83_4,5,83_4_5,10,20,
83,4,83_4,6,83_4_6,9,13,
83,5,83_5,1,83_5_1,13,28,
83,5,83_5,2,83_5_2,21,58,
83,5,83_5,3,83_5_3,11,22,
83,5,83_5,4,83_5_4,16,43,
83,5,83_5,5,83_5_5,22,29,
83,5,83_5,6,83_5_6,28,64,
83,6,83_6,1,83_6_1,12,27,
83,6,83_6,2,83_6_2,22,49,
83,6,83_6,3,83_6_3,14,41,
83,6,83_6,4,83_6_4,25,45,
83,6,83_6,5,83_6_5,21,45,
83,6,83_6,6,83_6_6,9,27,
83,6,83_6,7,83_6_7,29,80,
83,6,83_6,8,83_6_8,28,66,
84,1,84_1,1,84_1_1,21,59,
84,1,84_1,2,84_1_2,25,39,
84,1,84_1,3,84_1_3,22,48,
84,1,84_1,4,84_1_4,27,39,
84,1,84_1,5,84_1_5,34,100,
84,1,84_1,6,84_1_6,14,63,
84,2,84_2,1,84_2_1,28,58,
84,2,84_2,2,84_2_2,42,76,
84,2,84_2,3,84_2_3,45,58,
84,2,84_2,4,84_2_4,27,64,
84,2,84_2,5,84_2_5,17,58,
84,3,84_3,1,84_3_1,17,25,
84,3,84_3,2,84_3_2,26,39,
84,3,84_3,3,84_3_3,68,67,
84,3,84_3,4,84_3_4,12,28,
84,3,84_3,5,84_3_5,23,47,
84,3,84_3,6,84_3_6,25,48,
84,4,84_4,1,84_4_1,27,44,
84,4,84_4,2,84_4_2,60,110,
84,4,84_4,3,84_4_3,29,57,
84,4,84_4,4,84_4_4,25,59,
84,4,84_4,5,84_4_5,25,42,
84,4,84_4,6,84_4_6,25,60,
84,5,84_5,1,84_5_1,18,52,
84,5,84_5,2,84_5_2,23,54,
84,5,84_5,3,84_5_3,39,99,
84,5,84_5,4,84_5_4,26,56,
84,5,84_5,5,84_5_5,28,64,
84,5,84_5,6,84_5_6,21,40,
84,5,84_5,7,84_5_7,23,47,
84,6,84_6,1,84_6_1,22,57,small pot (1.5L)
84,6,84_6,2,84_6_2,21,47,small pot (1.5L)
84,6,84_6,3,84_6_3,11,32,small pot (1.5L)
84,6,84_6,4,84_6_4,20,30,small pot (1.5L)
84,6,84_6,5,84_6_5,11,19,small pot (1.5L)
85,1,85_1,1,85_1_1,29,75,
85,1,85_1,2,85_1_2,13,32,
85,1,85_1,3,85_1_3,30,54,
85,1,85_1,4,85_1_4,27,79,
85,1,85_1,5,85_1_5,43,110,
85,1,85_1,6,85_1_6,18,50,
85,1,85_1,7,85_1_7,14,30,
85,2,85_2,1,85_2_1,7,19,small pot (1.5L)
85,2,85_2,2,85_2_2,10,20,small pot (1.5L)
85,2,85_2,3,85_2_3,19,49,small pot (1.5L)
85,2,85_2,4,85_2_4,10,24,small pot (1.5L)
85,2,85_2,5,85_2_5,13,20,small pot (1.5L)
85,2,85_2,6,85_2_6,21,34,small pot (1.5L)
85,3,85_3,1,85_3_1,28,33,damaged
85,3,85_3,2,85_3_2,22,33,damaged
85,3,85_3,3,85_3_3,11,14,damaged
85,3,85_3,4,85_3_4,21,38,damaged
85,4,85_4,1,85_4_1,19,46,
85,4,85_4,2,85_4_2,13,64,
85,4,85_4,3,85_4_3,24,50,
85,4,85_4,4,85_4_4,15,34,
85,4,85_4,5,85_4_5,14,44,
85,4,85_4,6,85_4_6,13,19,
85,5,85_5,1,85_5_1,20,12,
85,5,85_5,2,85_5_2,15,18,
85,5,85_5,3,85_5_3,27,49,
85,5,85_5,4,85_5_4,11,14,
85,5,85_5,5,85_5_5,12,44,
85,5,85_5,6,85_5_6,13,34,
85,5,85_5,7,85_5_7,20,49,
85,5,85_5,8,85_5_8,26,39,
85,6,85_6,1,85_6_1,18,38,
85,6,85_6,2,85_6_2,19,37,
85,6,85_6,3,85_6_3,9,18,
85,6,85_6,4,85_6_4,12,13,
85,6,85_6,5,85_6_5,12,26,
85,6,85_6,6,85_6_6,21,33,
